id;numero;date;status
1;84666;2019-12-08T13:16:20;AI optical invoice
2;8413;2019-12-08T12:20:52;solid state
3;66898;2019-12-08T20:14:55;Tools Unbranded
4;66350;2019-12-08T11:26:06;clear-thinking
5;30536;2019-12-08T21:38:00;Cayman Islands Dollar invoice
6;22426;2019-12-09T06:34:50;Computers Bedfordshire Fish
7;36646;2019-12-08T19:12:42;calculating withdrawal Nevada
8;9367;2019-12-08T22:35:29;withdrawal Ergonomic
9;58987;2019-12-08T11:27:03;target Human withdrawal
10;79481;2019-12-09T02:24:03;payment Libyan Dinar
